Year,Month,Day,Date,Out_chla,Out_TDP,Out_TP
1969,6,27,6/26/69,7.4873,10.787,13.29
1969,7,4,7/3/69,8.6003,14.018,15.725
1969,7,8,7/7/69,9.7794,11.084,12.447
1969,7,10,7/9/69,10.698,9.4741,10.701
1969,7,18,7/17/69,11.777,6.6677,7.5621
1969,7,23,7/22/69,11.235,12.898,13.701
1969,7,25,7/24/69,14.537,9.1393,9.933
1969,7,31,7/30/69,18.553,14.455,15.224
1969,8,4,8/3/69,25.78,5.7821,6.5552
1969,8,8,8/7/69,25.12,11.585,12.349
1969,8,21,8/20/69,22.894,5.5309,6.3323
1969,8,23,8/22/69,20.202,5.431,6.2517
1969,8,28,8/27/69,14.041,5.3704,6.1904
1969,9,4,9/3/69,16.174,7.7602,8.5714
1969,9,9,9/8/69,18.306,5.0405,5.8502
1969,9,18,9/17/69,14.964,6.7328,7.5558
1969,9,25,9/24/69,13.131,14.006,14.863
1969,10,2,10/1/69,13.325,11.732,12.639
1969,10,17,10/16/69,11.561,17.142,18.674
1969,10,30,10/29/69,6.7192,15.169,15.869
1969,11,13,11/12/69,2.5169,14.654,15.065
1969,12,10,12/9/69,0.15049,14.4,14.505
1970,1,23,1/22/70,0.041417,13.877,13.97
1970,2,27,2/26/70,0.041003,13.347,13.44
1970,4,10,4/9/70,0.041078,12.105,12.199
1970,5,9,5/8/70,0.043553,13.033,13.125
1970,5,17,5/16/70,0.064022,18.434,18.557
1970,5,19,5/18/70,0.12322,18.407,18.676
1970,5,20,5/19/70,0.15307,19.836,20.171
1970,5,26,5/25/70,0.32392,25.854,26.379
1970,5,27,5/26/70,0.36992,25.81,26.379
1970,5,28,5/27/70,0.41669,26.746,27.353
1970,6,3,6/2/70,0.8707,27.818,28.524
1970,6,10,6/9/70,2.9403,27.563,28.317
1970,6,17,6/16/70,11.264,26.369,27.12
1970,6,24,6/23/70,26.057,5.9502,6.6852
1970,7,1,6/30/70,23.291,7.3492,8.1191
1970,7,8,7/7/70,20.148,4.8034,5.5949
1970,7,15,7/14/70,14.924,4.1206,4.8635
1970,7,22,7/21/70,10.739,5.4097,6.2145
1970,7,29,7/28/70,8.0312,10.589,11.435
1970,8,5,8/4/70,11.051,2.8669,3.7088
1970,8,12,8/11/70,8.7701,2.6709,3.5393
1970,8,19,8/18/70,7.3789,5.1772,6.0182
1970,8,26,8/25/70,8.5344,6.3476,7.1886
1970,9,2,9/1/70,11.368,7.7642,8.6019
1970,9,9,9/8/70,15.084,16.834,17.632
1970,9,16,9/15/70,18.323,19.196,20.033
1970,9,23,9/22/70,22.142,8.2371,9.1107
1970,9,30,9/29/70,17.952,3.9925,4.9113
1970,10,7,10/6/70,16.416,4.09,5.0827
1970,10,14,10/13/70,13.863,15.117,16.498
1970,10,21,10/20/70,12.056,13.461,15.04
1970,10,28,10/27/70,10.076,19.442,21.088
1970,11,11,11/10/70,5.8161,20.39,21.289
1970,12,10,12/9/70,0.31824,18.673,18.783
1971,1,20,1/19/71,0.041088,16.935,17.03
1971,4,1,3/31/71,0.039446,14.949,15.043
1971,5,5,5/4/71,0.052083,16.8,16.899
1971,5,12,5/11/71,0.20542,18.322,18.765
1971,5,19,5/18/71,0.44106,21.729,22.351
1971,5,26,5/25/71,0.79612,29.454,30.226
1971,6,2,6/1/71,1.7194,28.479,29.315
1971,6,9,6/8/71,4.4252,31.44,32.266
1971,6,16,6/15/71,17.126,22.649,23.445
1971,6,23,6/22/71,29.9,4.5545,5.3409
1971,6,26,6/25/71,25.166,4.9314,5.7448
1971,6,30,6/29/71,22.261,16.732,17.515
1971,7,7,7/6/71,25.752,3.4858,4.2816
1971,7,14,7/13/71,24.321,2.9248,3.7243
1971,7,21,7/20/71,16.862,2.8146,3.6459
1971,7,28,7/27/71,14.267,12.362,13.177
1971,8,4,8/3/71,15.87,4.0602,4.914
1971,8,11,8/10/71,10.731,1.2195,2.0841
1971,8,18,8/17/71,6.2556,8.8195,9.6635
1971,8,25,8/24/71,10.193,6.6324,7.4673
1971,9,1,8/31/71,11.599,3.8766,4.7511
1971,9,8,9/7/71,17.438,2.8031,3.629
1971,9,15,9/14/71,12.65,1.25,2.1188
1971,9,22,9/21/71,8.571,0.84798,1.7474
1971,9,29,9/28/71,7.1372,4.7248,5.6646
1971,10,6,10/5/71,6.9146,18.222,19.159
1971,10,13,10/12/71,7.2108,18.124,19.333
1971,10,20,10/19/71,6.7786,22.324,23.858
1971,10,27,10/26/71,5.9797,21.379,22.723
1971,11,10,11/9/71,3.3896,22.549,23.493
1971,12,17,12/16/71,0.10153,21.043,21.145
1972,1,19,1/18/72,0.040139,20.235,20.333
1972,4,7,4/6/72,0.039286,18.304,18.402
1972,5,10,5/9/72,0.18232,19.921,20.342
1972,5,17,5/16/72,0.416,22.437,23.045
1972,5,31,5/30/72,2.8495,27.071,27.836
1972,6,14,6/13/72,22.503,5.0694,5.8389
1972,6,28,6/27/72,20.554,3.9636,4.7506
1972,7,12,7/11/72,13.743,15.381,16.171
1972,7,26,7/25/72,22.019,0.93491,1.7431
1972,8,9,8/8/72,16.919,0.96977,1.7954
1972,8,23,8/22/72,15.557,17.356,18.2
1972,9,6,9/5/72,16.831,16.244,17.05
1972,9,20,9/19/72,16.34,2.6745,3.5912
1972,9,27,9/26/72,15.031,8.0123,9.0013
1972,10,4,10/3/72,14.365,8.294,9.3937
1972,10,18,10/17/72,11.895,10.202,11.798
1972,12,13,12/12/72,0.10604,10.428,10.524
1973,1,24,1/23/73,0.03956,10.042,10.137
1973,2,21,2/20/73,0.039262,9.8579,9.9517
1973,3,21,3/20/73,0.041347,9.6623,9.7606
1973,4,13,4/12/73,0.039915,9.5216,9.6159
1973,5,3,5/2/73,0.042266,8.9253,9.0185
1973,5,16,5/15/73,0.21008,13.414,13.881
1973,5,29,5/28/73,0.75363,17.438,18.149
1973,6,12,6/11/73,3.6121,18.089,18.933
1973,6,26,6/25/73,24.436,6.849,7.6318
1973,7,10,7/9/73,23.197,4.9465,5.7209
1973,7,24,7/23/73,15.495,2.4373,3.2649
1973,8,7,8/6/73,19.401,2.2337,3.061
1973,8,21,8/20/73,15.909,0.69148,1.5144
1973,9,4,9/3/73,7.819,20.14,20.95
1973,9,18,9/17/73,16.854,3.7116,4.6072
1973,10,2,10/1/73,15.645,8.2544,9.2176
1973,10,16,10/15/73,12.011,15.463,16.565
1973,10,30,10/29/73,9.5701,14.113,15.781
1973,11,7,11/6/73,7.1433,13.196,14.514
1973,12,19,12/18/73,0.1131,12.527,12.625
1974,1,23,1/22/74,0.039198,12.044,12.139
1974,2,27,2/26/74,0.038505,11.412,11.507
1974,4,3,4/2/74,0.0383,10.912,11.006
1974,5,7,5/6/74,0.044618,12.326,12.421
1974,5,22,5/21/74,0.33067,29.458,30.017
1974,5,29,5/28/74,0.77693,29.106,29.813
1974,6,5,6/4/74,1.743,41.308,42.067
1974,6,19,6/18/74,13.085,30.896,31.794
1974,7,3,7/2/74,23.137,6.4866,7.2842
1974,7,17,7/16/74,14.697,5.4119,6.2538
1974,7,31,7/30/74,8.5806,2.438,3.3009
1974,8,14,8/13/74,7.3283,30.276,31.074
1974,8,28,8/27/74,28.206,9.9087,10.761
1974,9,4,9/3/74,28.251,3.5789,4.4597
1974,9,11,9/10/74,19.119,3.7622,4.6678
1974,9,25,9/24/74,16.11,2.2434,3.1946
1974,10,9,10/8/74,14.101,12.362,13.913
1974,10,23,10/22/74,10.352,11.855,13.323
1974,11,6,11/5/74,7.0699,10.198,11.537
1974,11,22,11/21/74,2.0257,9.8936,10.188
1974,12,12,12/11/74,0.24235,10.046,10.15
1975,1,23,1/22/75,0.038615,9.276,9.3681
1975,3,5,3/4/75,0.03828,8.9188,9.0119
1975,4,2,4/1/75,0.037843,8.512,8.6039
1975,5,14,5/13/75,0.23931,14.32,14.786
1975,5,28,5/27/75,1.3534,24.719,25.444
1975,6,11,6/10/75,9.119,21.452,22.337
1975,6,25,6/24/75,37.582,2.1168,2.885
1975,7,9,7/8/75,23.715,1.677,2.4912
1975,7,23,7/22/75,10.27,0.84455,1.6559
1975,8,6,8/5/75,9.204,0.16403,1.0037
1975,8,20,8/19/75,6.9323,11.302,12.134
1975,9,3,9/2/75,19.543,0.76752,1.6335
1975,9,17,9/16/75,16.276,0.51876,1.446
1975,10,1,9/30/75,12.394,0.998,1.9326
1975,10,15,10/14/75,8.8755,10.043,11.183
1975,10,29,10/28/75,7.2894,15.116,16.744
1975,11,12,11/11/75,4.9469,13.817,15.305
1976,1,8,1/7/76,0.047114,12.933,13.028
1976,4,3,4/2/76,0.037918,11.351,11.446
1976,5,12,5/11/76,0.35867,13.854,14.469
1976,5,26,5/25/76,1.6269,18.363,19.161
1976,6,9,6/8/76,15.292,9.1877,9.9867
1976,6,23,6/22/76,25.957,2.0614,2.8517
1976,7,7,7/6/76,29.498,2.1159,2.9063
1976,7,21,7/20/76,13.688,0.99477,1.8535
1976,8,4,8/3/76,7.9852,0.25281,1.1095
1976,8,18,8/17/76,13.953,14.496,15.367
1976,9,1,8/31/76,22.139,0.82527,1.6773
1976,9,15,9/14/76,13.227,3.5096,4.4035
1976,9,29,9/28/76,10.52,2.5083,3.5179
1976,10,13,10/12/76,9.2706,10.601,11.979
1976,12,17,12/16/76,0.064424,11.429,11.524
1977,1,26,1/25/77,0.037581,10.908,11.002
1977,3,4,3/3/77,0.037246,10.254,10.347
1977,3,30,3/29/77,0.038245,9.8344,9.9293
1977,5,4,5/3/77,0.082616,10.153,10.341
1977,5,18,5/17/77,0.67578,22.463,23.14
1977,6,1,5/31/77,6.0497,28.927,29.678
1977,6,15,6/14/77,32.09,7.1869,7.9582
1977,6,29,6/28/77,22.557,5.0692,5.8244
1977,7,13,7/12/77,15.921,3.406,4.2002
1977,7,27,7/26/77,9.1775,0.1634,0.99969
1977,8,10,8/9/77,12.617,0.76708,1.5965
1977,8,24,8/23/77,8.5102,0.26929,1.1606
1977,9,8,9/7/77,12.15,8.2773,9.1578
1977,9,21,9/20/77,14.248,0.91033,1.807
1977,10,5,10/4/77,12.232,2.0592,3.0631
1977,10,19,10/18/77,10.557,3.3927,5.0173
1977,11,2,11/1/77,7.9124,3.1573,4.9479
1977,12,14,12/13/77,0.17913,2.3834,2.4867
1978,1,11,1/10/78,0.040239,2.5076,2.598
1978,2,14,2/13/78,0.037604,2.6773,2.7684
1978,3,14,3/13/78,0.037587,2.8092,2.9006
1978,5,10,5/9/78,0.13513,7.0529,7.3694
1978,5,17,5/16/78,0.31032,7.1569,7.7067
1978,5,24,5/23/78,0.6301,11.244,11.91
1978,6,7,6/6/78,2.9938,30.441,31.264
1978,6,21,6/20/78,25.439,4.7481,5.5955
1978,7,5,7/4/78,20.807,4.2483,5.0613
1978,7,19,7/18/78,19.934,3.5757,4.3888
1978,8,2,8/1/78,16.842,7.5738,8.3887
1978,8,16,8/15/78,13.917,4.6153,5.4512
1978,8,21,8/20/78,20.121,2.1124,2.9268
1978,8,30,8/29/78,17.601,0.37628,1.208
1978,9,13,9/12/78,8.2449,15.835,16.691
1978,9,27,9/26/78,12.236,4.2536,5.2052
1978,10,11,10/10/78,12.128,3.748,4.7835
1978,10,25,10/24/78,9.8511,7.1343,8.7622
1978,12,7,12/6/78,0.47466,5.227,5.3592
1979,1,11,1/10/79,0.041115,5.3738,5.4658
1979,2,15,2/14/79,0.037268,5.5109,5.6029
1979,3,29,3/28/79,0.036621,5.3008,5.3916
1979,5,23,5/22/79,0.30164,17.355,17.9
1979,6,6,6/5/79,1.6165,29.249,30.07
1979,6,20,6/19/79,19.535,20.338,21.192
1979,7,4,7/3/79,22.169,2.7646,3.616
1979,7,18,7/17/79,11.925,1.2992,2.1568
1979,8,1,7/31/79,8.2689,0.73886,1.5962
1979,8,15,8/14/79,9.9171,2.8272,3.6992
1979,8,29,8/28/79,12.398,1.8694,2.7643
1979,9,12,9/11/79,9.7895,2.3957,3.3122
1979,9,26,9/25/79,7.2468,4.7959,5.7484
1979,10,10,10/9/79,7.5872,13.274,14.612
1979,10,24,10/23/79,6.2089,17.012,18.737
1979,10,31,10/30/79,4.7527,38.253,39.676
1979,12,18,12/17/79,0.069791,32.641,32.746
1980,1,23,1/22/80,0.036302,29.438,29.539
1980,2,28,2/27/80,0.036093,27.4,27.501
1980,3,20,3/19/80,0.035884,26.044,26.145
1980,5,7,5/6/80,0.2106,24.995,25.449
1980,5,21,5/20/80,1.1998,26.209,27.033
1980,6,6,6/5/80,19.911,8.6113,9.4485
1980,6,18,6/17/80,15.045,4.1919,5.0404
1980,7,2,7/1/80,19.728,2.5141,3.3462
1980,7,16,7/15/80,15.082,10.007,10.842
1980,7,30,7/29/80,21.858,1.3893,2.2142
1980,8,13,8/12/80,24.121,0.95872,1.7691
1980,8,27,8/26/80,17.521,1.2128,2.0498
1980,9,10,9/9/80,16.351,4.5625,5.4419
1980,9,24,9/23/80,13.637,2.9489,3.9075
1980,10,8,10/7/80,12.32,2.0317,3.0504
1980,10,22,10/21/80,9.8252,17.74,19.342
1980,12,9,12/8/80,0.15814,18.198,18.302
1981,1,13,1/12/81,0.037202,17.475,17.573
1981,2,10,2/9/81,0.036153,17.248,17.345
1981,3,17,3/16/81,0.03616,17.133,17.231
1981,5,5,5/4/81,0.11167,16.987,17.255
1981,5,19,5/18/81,0.55805,17.587,18.318
1981,5,20,5/19/81,0.61557,17.522,18.263
1981,6,2,6/1/81,2.5278,18.395,19.253
1981,6,3,6/2/81,2.9477,17.892,18.763
1981,6,16,6/15/81,19.115,16.554,17.354
1981,6,17,6/16/81,22.457,13.058,13.853
1981,6,30,6/29/81,32.351,2.8432,3.6278
1981,7,1,6/30/81,30.544,2.9562,3.7481
1981,7,14,7/13/81,19.031,2.748,3.5423
1981,7,15,7/14/81,18.137,3.3375,4.1289
1981,7,28,7/27/81,14.922,1.2857,2.1103
1981,7,29,7/28/81,13.92,1.3884,2.2204
1981,8,11,8/10/81,16.027,0.78895,1.614
1981,8,12,8/11/81,15.378,0.6047,1.4362
1981,8,25,8/24/81,6.4886,0.42942,1.2936
1981,8,26,8/25/81,5.9129,0.55036,1.4168
1981,8,27,8/26/81,5.5502,0.49368,1.3615
1981,9,9,9/8/81,4.686,15.435,16.314
1981,9,22,9/21/81,10.329,5.7121,6.6358
1981,9,23,9/22/81,10.503,7.0188,7.9336
1981,10,6,10/5/81,10.005,16.433,17.616
1981,10,7,10/6/81,9.9195,15.986,17.169
1981,10,15,10/14/81,9.2321,16.144,17.334
1981,10,21,10/20/81,8.5783,19.355,20.983
1981,12,16,12/15/81,0.08476,20.138,20.238
1982,1,14,1/13/82,0.036257,19.122,19.22
1982,2,11,2/10/82,0.03543,18.563,18.661
1982,3,11,3/10/82,0.035322,17.943,18.04
1982,5,6,5/5/82,0.11099,18.962,19.241
1982,5,12,5/11/82,0.27406,20.447,21.002
1982,5,18,5/17/82,0.48827,27.102,27.777
1982,5,19,5/18/82,0.53564,27.426,28.108
1982,5,26,5/25/82,1.3234,26.578,27.378
1982,6,1,5/31/82,3.2006,29.843,30.641
1982,6,9,6/8/82,9.6355,28.292,29.146
1982,6,15,6/14/82,20.815,14.788,15.644
1982,6,16,6/15/82,23.272,12.122,12.972
1982,6,23,6/22/82,24.033,3.8381,4.6986
1982,6,30,6/29/82,15.934,2.4524,3.3243
1982,7,7,7/6/82,18.152,14.94,15.75
1982,7,13,7/12/82,27.233,1.5217,2.3218
1982,7,15,7/14/82,24.373,2.5874,3.3995
1982,7,21,7/20/82,22.958,1.3178,2.1316
1982,7,27,7/26/82,20.191,1.1555,1.9797
1982,7,28,7/27/82,18.673,2.1185,2.9509
1982,7,29,7/28/82,18.253,1.9852,2.8134
1982,8,4,8/3/82,16.631,0.78926,1.6246
1982,8,10,8/9/82,13.071,0.49065,1.3382
1982,8,11,8/10/82,12.362,0.30677,1.163
1982,8,18,8/17/82,9.2451,1.3783,2.244
1982,8,24,8/23/82,8.8215,2.8887,3.7395
1982,8,25,8/24/82,8.8083,1.4431,2.2852
1982,9,1,8/31/82,8.1858,4.8084,5.6884
1982,9,7,9/6/82,9.5292,0.7164,1.6078
1982,9,8,9/7/82,9.2549,0.56929,1.4751
1982,9,15,9/14/82,7.0895,1.9061,2.8134
1982,9,21,9/20/82,6.6958,0.21401,1.1428
1982,9,22,9/21/82,6.3998,2.0176,2.9593
1982,9,29,9/28/82,6.4287,18.913,19.89
1982,10,6,10/5/82,6.5003,26.074,27.328
1982,10,13,10/12/82,6.3027,28.29,29.846
1982,10,14,10/13/82,6.2814,27.963,29.492
1982,10,20,10/19/82,5.9337,27.764,29.498
1982,10,26,10/25/82,5.5174,27.153,28.984
1982,10,27,10/26/82,5.4982,27.26,29.188
1982,11,2,11/1/82,4.9477,27.086,28.935
1982,12,15,12/14/82,0.13244,25.039,25.148
1983,1,12,1/11/83,0.036817,23.299,23.398
1983,2,16,2/15/83,0.034777,22.728,22.828
1983,3,15,3/14/83,0.034512,21.492,21.591
1983,5,9,5/8/83,0.046055,21.622,21.722
1983,5,12,5/11/83,0.11223,27.218,27.507
1983,5,16,5/15/83,0.22631,27.257,27.792
1983,5,18,5/17/83,0.28337,28.403,29.013
1983,5,25,5/24/83,0.5388,31.211,31.955
1983,5,30,5/29/83,0.88401,32.923,33.742
1983,6,1,5/31/83,1.1159,32.65,33.512
1983,6,8,6/7/83,2.4371,33.535,34.449
1983,6,13,6/12/83,4.6764,39.953,40.854
1983,6,15,6/14/83,6.0661,42.212,43.099
1983,6,22,6/21/83,19.895,28.772,29.644
1983,6,27,6/26/83,36.326,7.1466,7.9562
1983,6,29,6/28/83,34.014,9.1441,9.9608
1983,7,6,7/5/83,33.858,5.3721,6.1916
1983,7,11,7/10/83,25.371,4.6144,5.4203
1983,7,13,7/12/83,22.369,4.2977,5.1236
1983,7,14,7/13/83,20.759,4.326,5.1468
1983,7,20,7/19/83,17.447,3.5699,4.393
1983,7,21,7/20/83,16.409,4.0887,4.9122
1983,7,25,7/24/83,13.322,2.7815,3.6307
1983,7,27,7/26/83,11.598,2.928,3.7793
1983,8,3,8/2/83,13.705,1.8029,2.6475
1983,8,8,8/7/83,12.782,1.6416,2.4908
1983,8,10,8/9/83,11.712,1.6582,2.5118
1983,8,17,8/16/83,8.1386,3.8459,4.7098
1983,8,22,8/21/83,10.034,8.6003,9.4574
1983,8,24,8/23/83,10.564,7.1449,8.0168
1983,8,31,8/30/83,12.657,1.1624,2.0303
1983,9,5,9/4/83,8.6431,7.6738,8.5368
1983,9,7,9/6/83,8.9712,6.2014,7.0538
1983,9,14,9/13/83,12.03,1.4057,2.291
1983,9,19,9/18/83,11.16,4.8996,5.8017
1983,9,21,9/20/83,11.401,4.5777,5.4977
1983,9,28,9/27/83,12.212,2.176,3.1461
1983,10,5,10/4/83,11.07,10.032,11.025
1983,10,12,10/11/83,11.018,13.952,15.367
1983,10,17,10/16/83,10.177,13.605,15.171
1983,10,19,10/18/83,9.9315,13.283,14.957
1983,10,27,10/26/83,8.7103,12.744,14.584
1983,12,13,12/12/83,0.27376,9.8269,9.9407
1984,1,11,1/10/84,0.039255,9.863,9.9578
1984,2,8,2/7/84,0.034364,9.7583,9.8525
1984,3,6,3/5/84,0.034468,9.7508,9.8456
1984,5,3,5/2/84,0.28386,10.588,11.233
1984,5,9,5/8/84,0.41114,15.71,16.467
1984,5,16,5/15/84,0.65916,18.198,19.011
1984,5,23,5/22/84,1.1674,20.453,21.246
1984,5,30,5/29/84,2.5151,18.74,19.61
1984,6,6,6/5/84,6.5726,23.837,24.677
1984,6,13,6/12/84,16.511,19.443,20.281
1984,6,19,6/18/84,29.271,2.2745,3.0832
1984,6,27,6/26/84,24.668,4.3887,5.2033
1984,7,4,7/3/84,20.337,2.8723,3.7034
1984,7,11,7/10/84,14.294,1.1314,1.9874
1984,7,18,7/17/84,16.442,0.94999,1.7834
1984,7,25,7/24/84,12.838,0.72157,1.5678
1984,8,1,7/31/84,11.803,0.47938,1.331
1984,8,8,8/7/84,7.7573,1.5282,2.3965
1984,8,15,8/14/84,6.8904,1.4118,2.2653
1984,8,22,8/21/84,6.758,3.497,4.3432
1984,8,29,8/28/84,7.1993,0.46199,1.3391
1984,9,5,9/4/84,5.4382,0.57049,1.4731
1984,9,12,9/11/84,6.1825,10.518,11.43
1984,9,19,9/18/84,7.8548,7.1637,8.1363
1984,9,26,9/25/84,8.5926,5.8846,6.9072
1984,10,3,10/2/84,8.5633,5.69,6.8674
1984,10,10,10/9/84,8.3825,6.9881,8.3282
1984,10,17,10/16/84,7.2739,19.887,21.319
1984,10,25,10/24/84,6.0604,26.656,28.152
1984,12,12,12/11/84,0.10356,28.793,28.898
1985,1,23,1/22/85,0.033633,25.473,25.574
1985,2,20,2/19/85,0.033428,24.617,24.718
1985,3,20,3/19/85,0.033433,23.917,24.018
1985,3,31,3/30/85,0.033412,23.651,23.752
1985,5,8,5/7/85,0.21997,28.472,28.966
1985,5,9,5/8/85,0.25156,28.459,28.987
1985,5,15,5/14/85,0.43948,38.891,39.518
1985,5,21,5/20/85,0.87181,39.127,39.908
1985,5,22,5/21/85,0.98331,39.002,39.813
1985,5,29,5/28/85,2.3819,39.489,40.353
1985,6,4,6/3/85,4.929,37.058,37.986
1985,6,5,6/4/85,5.5844,36.2,37.136
1985,6,12,6/11/85,13.547,27.421,28.357
1985,6,18,6/17/85,28.944,11.921,12.783
1985,6,19,6/18/85,32.23,7.4808,8.3359
1985,6,26,6/25/85,34.225,4.584,5.3867
1985,7,2,7/1/85,28.167,4.2577,5.0625
1985,7,3,7/2/85,26.549,4.1967,4.9982
1985,7,10,7/9/85,16.554,3.0502,3.8964
1985,7,16,7/15/85,11.224,2.187,3.0411
1985,7,17,7/16/85,10.393,3.3458,4.2021
1985,7,26,7/25/85,12.719,1.1894,2.0249
1985,7,30,7/29/85,10.076,0.85226,1.7026
1985,7,31,7/30/85,9.4444,0.80156,1.6559
1985,8,7,8/6/85,9.1905,0.54001,1.3938
1985,8,13,8/12/85,7.3564,10.9,11.73
1985,8,14,8/13/85,7.7169,10.405,11.242
1985,8,21,8/20/85,12.818,9.4062,10.282
1985,8,27,8/26/85,18.744,1.7313,2.6083
1985,8,28,8/27/85,17.921,1.5541,2.426
1985,9,4,9/3/85,13.636,6.1633,7.0242
1985,9,11,9/10/85,12.294,0.97638,1.8685
1985,9,18,9/17/85,8.3303,13.376,14.277
1985,9,24,9/23/85,9.1599,17.952,18.966
1985,9,25,9/24/85,9.4032,18.228,19.294
1985,10,2,10/1/85,9.6598,18.938,20.296
1985,10,8,10/7/85,8.9038,21.038,22.633
1985,10,9,10/8/85,8.8149,21.054,22.68
1985,10,16,10/15/85,7.9979,20.627,22.379
1985,10,22,10/21/85,7.3462,19.772,21.68
1985,10,23,10/22/85,7.2809,19.586,21.511
1985,12,10,12/9/85,0.23842,16.477,16.594
1986,1,21,1/20/86,0.03418,16.217,16.315
1986,2,18,2/17/86,0.033214,15.675,15.772
1986,3,18,3/17/86,0.033191,15.309,15.406
1986,5,1,4/30/86,0.16152,14.529,14.936
1986,5,7,5/6/86,0.29869,21.095,21.726
1986,5,14,5/13/86,0.60095,21.444,22.199
1986,5,20,5/19/86,1.115,20.877,21.719
1986,5,21,5/20/86,1.2547,20.71,21.57
1986,5,28,5/27/86,3.9963,17.471,18.306
1986,6,3,6/2/86,11.207,10.238,11.067
1986,6,4,6/3/86,12.688,8.3025,9.1341
1986,6,11,6/10/86,14.762,2.635,3.4876
1986,6,12,6/11/86,14.026,2.5405,3.3962
1986,6,18,6/17/86,11.878,1.9331,2.8038
1986,6,19,6/18/86,11.232,3.038,3.9132
1986,6,25,6/24/86,15.156,10.236,11.079
1986,7,1,6/30/86,19.816,1.0725,1.9091
1986,7,2,7/1/86,18.867,0.77316,1.6097
1986,7,9,7/8/86,26.201,0.39506,1.2155
1986,7,15,7/14/86,23.932,1.1497,1.9751
1986,7,16,7/15/86,23.14,0.57471,1.4074
1986,7,23,7/22/86,16.717,2.2729,3.1229
1986,7,30,7/29/86,14.314,0.32835,1.1756
1986,7,31,7/30/86,13.36,1.2456,2.0953
1986,8,6,8/5/86,15.728,4.1299,4.977
1986,8,8,8/7/86,18.734,3.5856,4.4193
1986,8,12,8/11/86,18.298,0.63736,1.481
1986,8,13,8/12/86,17.426,0.41253,1.2665
1986,8,14,8/13/86,16.224,0.60731,1.4767
1986,8,20,8/19/86,20.107,2.1184,2.9637
1986,8,26,8/25/86,17.29,0.43295,1.3097
1986,8,27,8/26/86,16.133,0.56158,1.4462
1986,9,3,9/2/86,11.693,15.677,16.579
1986,9,10,9/9/86,15.381,7.6975,8.641
1986,9,17,9/16/86,17.363,5.7069,6.6588
1986,9,23,9/22/86,18.269,3.3312,4.2992
1986,9,24,9/23/86,18.394,3.5986,4.5698
1986,10,1,9/30/86,17.525,3.6417,4.5769
1986,10,8,10/7/86,16.252,8.8864,10.098
1986,10,14,10/13/86,14.922,8.8323,10.315
1986,10,22,10/21/86,13.095,6.2426,7.8206
1986,10,29,10/28/86,11.462,4.5268,6.1541
1986,12,11,12/10/86,0.18071,5.1013,5.1987
1987,1,22,1/21/87,0.034096,5.5565,5.6493
1987,2,19,2/18/87,0.033654,5.7444,5.8375
1987,3,19,3/18/87,0.033567,5.823,5.916
1987,5,6,5/5/87,0.40671,6.7753,7.445
1987,5,13,5/12/87,0.72809,10.768,11.509
1987,5,20,5/19/87,1.4558,27.115,27.935
1987,5,27,5/26/87,2.8659,36.795,37.703
1987,6,3,6/2/87,7.2745,36.788,37.65
1987,6,10,6/9/87,17.947,34.181,35.041
1987,6,17,6/16/87,37.084,6.3075,7.0924
1987,6,24,6/23/87,26.607,4.5157,5.3212
1987,7,1,6/30/87,18.274,6.9394,7.7751
1987,7,8,7/7/87,13.935,2.5755,3.4457
1987,7,15,7/14/87,11.379,7.9164,8.775
1987,7,22,7/21/87,19.249,1.9552,2.7967
1987,7,29,7/28/87,13.92,0.63956,1.5121
1987,8,5,8/4/87,14.482,4.6145,5.4562
1987,8,12,8/11/87,15.128,12.945,13.776
1987,8,19,8/18/87,27.263,0.39525,1.1967
1987,8,26,8/25/87,18.673,0.61197,1.4899
1987,9,2,9/1/87,14.225,0.90939,1.813
1987,9,9,9/8/87,10.262,1.4913,2.4316
1987,9,16,9/15/87,9.3045,1.0835,2.021
1987,9,22,9/21/87,7.9128,0.85843,1.7852
1987,9,30,9/29/87,5.8561,3.8446,4.7861
1987,10,7,10/6/87,6.5431,9.94,11.127
1987,10,14,10/13/87,6.537,12.367,13.882
1987,10,28,10/27/87,4.4028,14.113,15.072
1988,1,23,1/22/88,0.033343,12.5,12.595
1988,2,25,2/24/88,0.033057,12.21,12.306
1988,3,24,3/23/88,0.03543,11.686,11.787
1988,5,11,5/10/88,0.18368,13.99,14.426
1988,5,12,5/11/88,0.2046,15.268,15.736
1988,5,18,5/17/88,0.40578,15.278,15.931
1988,5,24,5/23/88,0.76056,17.415,18.141
1988,5,25,5/24/88,0.85793,17.415,18.165
1988,6,1,5/31/88,2.8717,18.152,18.924
1988,6,7,6/6/88,12.575,8.7047,9.4569
1988,6,8,6/7/88,15.629,5.1904,5.9386
1988,6,9,6/8/88,16.054,4.2559,5.0148
1988,6,15,6/14/88,15.057,17.155,17.915
1988,6,21,6/20/88,24.982,5.6207,6.367
1988,6,22,6/21/88,27.584,1.8215,2.5476
1988,6,29,6/28/88,22.224,1.6375,2.4325
1988,7,5,7/4/88,16.224,7.7337,8.5591
1988,7,6,7/5/88,14.383,35.838,36.598
1988,7,13,7/12/88,30.361,17.087,17.883
1988,7,19,7/18/88,41.692,0.93161,1.7303
1988,7,20,7/19/88,39.727,1.0361,1.844
1988,7,22,7/21/88,35.679,1.306,2.1326
1988,7,27,7/26/88,27.588,1.2673,2.1059
1988,8,2,8/1/88,21.268,0.82666,1.6629
1988,8,3,8/2/88,19.786,0.85963,1.7022
1988,8,10,8/9/88,12.778,0.66363,1.5167
1988,8,16,8/15/88,10.009,1.777,2.6352
1988,8,17,8/16/88,10.359,0.74541,1.6005
1988,8,24,8/23/88,10.508,3.5942,4.4461
1988,8,30,8/29/88,12.041,0.56938,1.4499
1988,8,31,8/30/88,11.57,0.46411,1.3584
1988,9,7,9/6/88,7.3845,0.50516,1.4135
1988,9,14,9/13/88,6.8207,2.9577,3.9148
1988,9,21,9/20/88,7.7572,10.903,11.851
1988,9,28,9/27/88,8.4661,8.867,9.9158
1988,10,5,10/4/88,8.5625,10.427,11.776
1988,10,12,10/11/88,8.3129,9.1957,10.74
1988,10,19,10/18/88,7.7707,8.8032,10.493
1988,10,20,10/19/88,7.6368,9.528,11.234
1988,10,26,10/25/88,6.4934,12.398,14.003
1988,12,8,12/7/88,0.13149,16.053,16.153
1989,1,19,1/18/89,0.032904,13.906,14
1989,2,23,2/22/89,0.033109,13.53,13.627
1989,3,23,3/22/89,0.033045,13.114,13.211
1989,5,17,5/16/89,0.19421,18.431,18.878
1989,5,18,5/17/89,0.22322,18.53,19.01
1989,5,25,5/24/89,0.48468,28.5,29.145
1989,5,31,5/30/89,0.93926,28.782,29.581
1989,6,1,5/31/89,1.0409,30.237,31.039
1989,6,7,6/6/89,1.9218,39.982,40.811
1989,6,14,6/13/89,4.0836,48.848,49.722
1989,6,15,6/14/89,4.7134,48.055,48.948
1989,6,21,6/20/89,13.446,41.587,42.44
1989,6,28,6/27/89,44.043,9.5558,10.369
1989,6,29,6/28/89,43.944,11.319,12.131
1989,7,5,7/4/89,42.766,10.53,11.343
1989,7,12,7/11/89,33.785,4.2455,5.0757
1989,7,13,7/12/89,31.376,4.4465,5.2822
1989,7,19,7/18/89,23.439,3.7544,4.6057
1989,7,26,7/25/89,14.348,3.4453,4.3135
1989,7,27,7/26/89,14.129,2.4761,3.3424
1989,8,2,8/1/89,10.018,9.3881,10.255
1989,8,9,8/8/89,16.413,0.95451,1.8039
1989,8,10,8/9/89,15.533,1.0984,1.9545
1989,8,16,8/15/89,11.452,0.93161,1.7946
1989,8,23,8/22/89,13.241,14.511,15.383
1989,8,24,8/23/89,14.705,10.967,11.817
1989,8,30,8/29/89,20.326,1.0625,1.9317
1989,9,6,9/5/89,13.674,1.1527,2.083
1989,9,7,9/6/89,12.927,0.99822,1.9204
1989,9,13,9/12/89,11.312,1.691,2.6088
1989,9,20,9/19/89,8.3848,0.76063,1.7063
1989,9,27,9/26/89,7.5956,1.3344,2.3149
1989,10,4,10/3/89,6.9193,5.8434,6.9349
1989,10,12,10/11/89,6.896,11.262,12.601
1989,10,19,10/18/89,6.3299,12.258,13.88
1989,10,25,10/24/89,5.9807,11.44,13.178
1989,12,12,12/11/89,0.14345,10.333,10.436
1990,1,16,1/15/90,0.03386,10.16,10.254
1990,2,13,2/12/90,0.032944,10.024,10.119
1990,3,13,3/12/90,0.032886,9.9702,10.065
1990,5,10,5/9/90,0.15291,13.174,13.559
1990,5,17,5/16/90,0.32349,17.854,18.479
1990,5,18,5/17/90,0.35243,17.976,18.631
1990,5,31,5/30/90,1.3801,17.305,18.084
1990,6,12,6/11/90,5.9811,32.847,33.669
1990,6,15,6/14/90,9.7519,29.927,30.76
1990,6,29,6/28/90,46.045,2.8309,3.5839
1990,7,10,7/9/90,37.452,3.0378,3.8262
1990,7,13,7/12/90,31.623,2.8199,3.6342
1990,7,27,7/26/90,14.64,7.0593,7.9211
1990,8,9,8/8/90,10.067,1.8213,2.6876
1990,8,10,8/9/90,9.9828,1.3175,2.1831
1990,8,24,8/23/90,8.1878,1.8424,2.7238
1990,8,28,8/27/90,8.6483,4.054,4.927
1990,9,7,9/6/90,10.101,0.60386,1.4703
1990,9,14,9/13/90,7.8626,0.85443,1.7637
1990,9,21,9/20/90,7.1423,8.9974,9.9272
1990,10,2,10/1/90,8.4367,7.4014,8.3614
1990,10,19,10/18/90,7.4353,11.537,13.206
1990,11,1,10/31/90,4.6133,12.653,13.859
1990,12,14,12/13/90,0.1066,11.936,12.035
1991,1,17,1/16/91,0.033555,11.346,11.441
1991,2,14,2/13/91,0.032975,11.205,11.3
1991,3,14,3/13/91,0.032663,10.896,10.991
1991,5,16,5/15/91,0.55947,18.386,19.113
1991,5,30,5/29/91,3.5377,27.489,28.306
1991,6,13,6/12/91,20.892,13.651,14.461
1991,6,27,6/26/91,18.893,2.5898,3.4281
1991,7,11,7/10/91,18.768,4.0749,4.901
1991,7,25,7/24/91,17.939,0.87873,1.6947
1991,8,8,8/7/91,7.4186,0.23212,1.1111
1991,8,22,8/21/91,2.638,0.2716,1.1389
1991,9,5,9/4/91,3.4205,5.0895,5.9644
1991,9,19,9/18/91,7.0056,23.655,24.552
1991,10,3,10/2/91,6.9754,26.719,28.092
1991,10,17,10/16/91,6.3329,26.305,28.176
1991,10,30,10/29/91,3.8517,29.775,30.728
1991,12,11,12/10/91,0.065092,25.517,25.619
1992,3,19,3/18/92,0.032631,22.708,22.81
1992,5,13,5/12/92,0.11391,25.955,26.281
1992,5,14,5/13/92,0.13184,27.647,28.013
1992,5,28,5/27/92,0.82326,32.605,33.408
1992,6,11,6/10/92,6.1797,29.319,30.207
1992,6,25,6/24/92,23.959,5.1364,5.9795
1992,7,9,7/8/92,28.901,11.387,12.178
1992,7,23,7/22/92,22.017,3.781,4.6054
1992,8,6,8/5/92,11.843,3.7858,4.6374
1992,8,20,8/19/92,10.23,2.0701,2.926
1992,9,3,9/2/92,18.287,1.4221,2.2704
1992,9,17,9/16/92,21.816,4.4635,5.3132
1992,10,1,9/30/92,17.387,0.97811,1.9682
1992,10,14,10/13/92,12.438,7.2847,8.6899
1992,10,29,10/28/92,8.5223,6.673,8.2468
1993,1,14,1/13/93,0.03361,6.5516,6.6447
1993,5,4,5/3/93,0.057302,9.705,9.8289
1993,5,18,5/17/93,0.41402,11.852,12.516
1993,6,1,5/31/93,1.5381,16.249,17.125
1993,6,15,6/14/93,8.8957,16.424,17.276
1993,6,29,6/28/93,23.053,1.1787,2.0001
1993,7,13,7/12/93,21.156,0.57574,1.3972
1993,7,22,7/21/93,13.723,0.12479,0.97312
1993,7,27,7/26/93,12.09,13.961,14.77
1993,8,10,8/9/93,21.426,8.4517,9.2716
1993,8,24,8/23/93,14.326,0.55484,1.4379
1993,9,3,9/2/93,19.542,6.8022,7.633
1993,9,21,9/20/93,14.077,1.299,2.2969
1993,10,5,10/4/93,12.235,5.4312,6.9775
1993,10,28,10/27/93,5.0736,8.6099,9.5717
1994,5,19,5/18/94,0.22778,11.88,12.378
1994,6,2,6/1/94,1.2119,16.186,16.932
1994,6,10,6/9/94,3.9446,16.186,16.997
1994,6,16,6/15/94,11.291,10.812,11.639
1994,6,28,6/27/94,14.437,2.159,2.961
1994,6,29,6/28/94,13.807,2.5358,3.3432
1994,7,14,7/13/94,25.439,2.8645,3.6197
1994,7,15,7/14/94,25.335,3.3626,4.1216
1994,7,28,7/27/94,16.215,0.58518,1.4115
1994,7,29,7/28/94,14.997,0.73929,1.5753
1994,8,10,8/9/94,13.256,1.0449,1.8896
1994,8,11,8/10/94,13.057,1.0351,1.882
1994,8,19,8/18/94,8.9534,0.49819,1.3625
1994,8,24,8/23/94,7.5781,2.5072,3.3804
1994,8,25,8/24/94,7.8531,1.7404,2.6082
1994,9,8,9/7/94,11.931,9.4474,10.309
1994,9,9,9/8/94,12.837,8.0029,8.8764
1994,9,22,9/21/94,21.716,4.8426,5.6747
1994,10,6,10/5/94,12.641,0.74428,1.706
1994,10,20,10/19/94,9.7921,6.1423,7.2007
1994,12,14,12/13/94,0.38131,7.2345,7.3713
1995,5,17,5/16/95,0.3031,16.699,17.326
1995,5,31,5/30/95,1.1634,25.504,26.324
1995,6,14,6/13/95,11.711,15.858,16.732
1995,6,28,6/27/95,14.881,15.26,16.052
1995,7,12,7/11/95,28.732,1.7566,2.5733
1995,7,26,7/25/95,16.847,0.80862,1.6355
1995,8,9,8/8/95,10.058,4.9716,5.8277
1995,8,23,8/22/95,14.079,20.15,21.005
1995,9,6,9/5/95,19.59,4.3213,5.2012
1995,9,20,9/19/95,12.758,1.7086,2.6247
1995,10,4,10/3/95,8.3417,5.8552,6.8325
1995,10,31,10/30/95,5.5173,15.68,16.852
1996,5,22,5/21/96,0.1867,23.655,24.1
1996,6,4,6/3/96,0.86781,23.958,24.698
1996,6,18,6/17/96,12.335,13.681,14.479
1996,6,27,6/26/96,20.703,4.5005,5.316
1996,7,3,7/2/96,20.226,3.7411,4.5342
1996,7,10,7/9/96,20.35,4.4078,5.1808
1996,7,16,7/15/96,19.892,9.323,10.077
1996,7,24,7/23/96,23.224,2.1319,2.8994
1996,7,30,7/29/96,16.568,1.7436,2.5577
1996,8,7,8/6/96,13.594,2.6882,3.5053
1996,8,13,8/12/96,8.5735,34.791,35.454
1996,8,21,8/20/96,13.092,31.343,32.152
1996,8,27,8/26/96,20.805,17.723,18.603
1996,9,4,9/3/96,22.539,10.374,11.264
1996,9,10,9/9/96,22.326,3.7421,4.5898
1996,9,19,9/18/96,12.997,3.0675,3.9938
1996,9,24,9/23/96,11.012,3.6685,4.583
1996,10,8,10/7/96,10.022,12.645,13.791
1996,10,31,10/30/96,6.7631,19.709,21.319
1997,5,13,5/12/97,0.19226,23.34,23.835
1997,5,23,5/22/97,0.46262,24.941,25.695
1997,5,27,5/26/97,0.63015,24.808,25.593
1997,6,3,6/2/97,1.2935,27.368,28.176
1997,6,10,6/9/97,3.2702,25.544,26.357
1997,6,12,6/11/97,4.5951,24.009,24.82
1997,6,19,6/18/97,14.464,16.99,17.821
1997,6,24,6/23/97,22.625,6.9567,7.7918
1997,7,3,7/2/97,18.271,17.621,18.414
1997,7,8,7/7/97,28.401,3.7111,4.5032
1997,7,15,7/14/97,24.71,15.516,16.299
1997,7,22,7/21/97,30.151,3.3285,4.1168
1997,7,29,7/28/97,20.2,2.746,3.5706
1997,8,7,8/6/97,12.193,1.8417,2.7016
1997,8,12,8/11/97,9.7444,1.6909,2.5531
1997,8,19,8/18/97,8.823,1.324,2.1839
1997,8,26,8/25/97,8.1981,0.93743,1.8466
1997,9,5,9/4/97,6.6549,2.2063,3.1028
1997,9,9,9/8/97,7.0195,1.12,2.0236
1997,9,16,9/15/97,5.9721,5.149,6.0621
1997,9,23,9/22/97,7.1761,2.5586,3.4783
1997,10,16,10/15/97,6.9476,25.863,27.049
1997,10,30,10/29/97,5.0298,26.646,27.703
1998,4,23,4/22/98,0.040809,24.498,24.6
1998,5,7,5/6/98,0.38588,26.749,27.44
1998,5,21,5/20/98,1.4943,52.452,53.305
1998,6,4,6/3/98,8.3125,55.366,56.34
1998,6,18,6/17/98,41.721,13.913,14.735
1998,7,2,7/1/98,35.373,8.7351,9.5566
1998,7,16,7/15/98,17.063,5.0985,5.9682
1998,7,30,7/29/98,11.082,3.5894,4.4655
1998,8,13,8/12/98,5.404,2.4546,3.3398
1998,8,14,8/13/98,5.0724,2.3759,3.2583
1998,8,27,8/26/98,5.6712,28.044,28.871
1998,9,10,9/9/98,18.497,2.6466,3.5686
1998,9,24,9/23/98,13.01,21.282,22.224
1998,10,8,10/7/98,13.933,21.113,22.131
1998,10,27,10/26/98,10.387,31.285,33.046
1999,5,28,5/27/99,1.3838,40.267,41.137
1999,6,10,6/9/99,7.5931,42.154,42.998
1999,6,24,6/23/99,30.571,8.3608,9.1908
1999,7,8,7/7/99,25.291,7.5011,8.3156
1999,7,21,7/20/99,21.576,4.2366,5.0644
1999,8,6,8/5/99,12.289,7.2661,8.1099
1999,8,18,8/17/99,12.525,3.2053,4.056
1999,9,2,9/1/99,4.8037,6.0168,6.8888
1999,9,16,9/15/99,8.0791,18.572,19.504
1999,9,30,9/29/99,11.154,16.163,17.205
1999,10,21,10/20/99,8.2083,23.309,25.01
2000,3,22,3/22/00,0.033116,19.4,19.5
2000,5,3,5/3/00,0.21907,19.623,20.134
2000,5,17,5/17/00,0.73144,24.407,25.2
2000,5,31,5/31/00,2.903,24.02,24.914
2000,6,14,6/14/00,13.349,25.729,26.559
2000,6,28,6/28/00,32.009,3.7055,4.4685
2000,7,12,7/12/00,19.397,3.6911,4.5218
2000,7,26,7/26/00,16.801,4.9206,5.7391
2000,8,10,8/10/00,16.292,11.64,12.414
2000,8,22,8/22/00,19.716,4.5114,5.332
2000,9,6,9/6/00,17.557,1.7463,2.6064
2000,9,20,9/20/00,8.9238,3.6325,4.5465
2000,10,4,10/4/00,9.5812,7.996,9.0819
2000,10,24,10/24/00,7.1071,9.6614,10.895
2001,5,16,5/16/01,0.46141,18.783,19.478
2001,5,30,5/30/01,1.7541,32.923,33.742
2001,6,13,6/13/01,12.798,23.049,23.883
2001,6,27,6/27/01,24.181,15.926,16.693
2001,7,11,7/11/01,17.775,1.6981,2.5359
2001,7,25,7/25/01,17.537,1.2474,2.0804
2001,8,9,8/9/01,19.55,4.3616,5.167
2001,8,22,8/22/01,15.122,3.034,3.8651
2001,9,6,9/6/01,6.7884,5.7097,6.6086
2001,9,17,9/17/01,10.077,5.8736,6.7826
2001,10,3,10/3/01,7.8683,2.1503,3.1034
2001,10,24,10/24/01,6.3958,18.211,19.681
2002,5,22,5/22/02,0.25618,21.254,21.821
2002,6,5,6/5/02,1.0867,22.605,23.389
2002,6,18,6/18/02,4.1871,44.342,45.14
2002,7,2,7/2/02,41.749,7.2306,7.9965
2002,7,16,7/16/02,21.604,4.4992,5.3438
2002,7,30,7/30/02,8.8027,2.3574,3.2278
2002,8,13,8/13/02,6.0862,10.773,11.633
2002,8,27,8/27/02,14.863,9.166,10.028
2002,9,10,9/10/02,22.709,4.6337,5.4826
2002,9,24,9/24/02,14.945,4.8655,5.7607
2002,10,8,10/8/02,13.237,10.044,11.35
2002,10,28,10/28/02,6.3235,13.444,14.108
2003,5,5,5/5/03,0.041488,13.491,13.588
2003,5,20,5/20/03,0.46652,24.484,25.161
2003,6,2,6/2/03,2.3136,25.98,26.835
2003,6,16,6/16/03,26.431,4.9092,5.7431
2003,6,30,6/30/03,31.974,2.3662,3.1696
2003,7,14,7/14/03,16.6,4.6519,5.4814
2003,7,28,7/28/03,10.447,0.61292,1.4716
2003,8,11,8/11/03,11.716,0.59149,1.4483
2003,8,25,8/25/03,10.203,8.2387,9.0891
2003,9,8,9/8/03,16.9,9.1915,10.118
2003,9,22,9/22/03,19.689,8.1762,9.0577
2003,10,6,10/6/03,17.999,10.298,11.631
2003,10,28,10/28/03,12.182,10.167,11.604
2004,5,12,5/12/04,0.14765,23.094,23.471
2004,5,26,5/26/04,0.55535,30.59,31.34
2004,6,9,6/9/04,2.4318,34.794,35.622
2004,6,23,6/23/04,17.918,20.344,21.229
2004,7,7,7/7/04,21.172,4.4965,5.353
2004,7,20,7/20/04,10.649,5.6906,6.5317
2004,7,21,7/21/04,10.943,4.5364,5.3773
2004,7,22,7/22/04,11.466,3.229,4.0685
2004,8,4,8/4/04,6.8733,1.7899,2.6526
2004,8,18,8/18/04,10.52,15.265,16.102
2004,9,1,9/1/04,17.171,2.347,3.2386
2004,9,15,9/15/04,15.815,9.3516,10.192
2004,9,29,9/29/04,18.665,2.8606,3.7333
2004,10,13,10/13/04,14.283,3.4899,4.5238
2004,10,26,10/26/04,11.07,10.537,12.208
2005,5,3,5/3/05,0.30555,11.344,12.003
2005,5,11,5/11/05,0.52754,14.392,15.148
2005,5,25,5/25/05,1.5497,32.625,33.435
2005,6,8,6/8/05,8.9755,31.575,32.413
2005,6,22,6/22/05,30.508,2.1845,2.9908
2005,7,6,7/6/05,29.537,1.7458,2.5386
2005,7,14,7/14/05,19.422,2.6405,3.4684
2005,7,20,7/20/05,14.829,3.205,4.0366
2005,8,3,8/3/05,12.138,9.0661,9.916
2005,8,17,8/17/05,11.067,1.9972,2.8575
2005,8,31,8/31/05,12.718,3.3664,4.2513
2005,9,14,9/14/05,10.57,2.1404,3.038
2005,9,28,9/28/05,8.3768,5.7275,6.66
2005,10,12,10/12/05,8.646,15.886,17.087
2005,10,31,10/31/05,6.7624,16.364,18.131
2006,5,8,5/8/06,0.47178,30.974,31.713
2006,5,24,5/24/06,1.7571,35.493,36.396
2006,6,7,6/7/06,16.127,27.913,28.788
2006,6,21,6/21/06,34.286,6.5223,7.3235
2006,7,4,7/4/06,19.985,2.5728,3.4228
2006,7,19,7/19/06,7.3674,1.3752,2.2579
2006,8,2,8/2/06,8.1957,4.1876,5.0521
2006,8,16,8/16/06,16.417,10.874,11.711
2006,8,30,8/30/06,17.209,0.99338,1.8622
2006,9,13,9/13/06,7.1094,0.81205,1.7333
2006,9,27,9/27/06,7.0654,8.4732,9.4259
2006,10,11,10/11/06,7.7732,15.452,16.841
2006,10,31,10/31/06,3.7175,27.809,28.678
2007,5,9,5/9/07,0.17347,22.764,23.202
2007,5,22,5/22/07,0.71857,26.514,27.279
2007,6,5,6/5/07,3.3284,30.634,31.47
2007,6,19,6/19/07,22.052,23.253,23.998
2007,7,3,7/3/07,30.594,4.5982,5.3766
2007,7,17,7/17/07,25.621,3.3728,4.1557
2007,7,31,7/31/07,10.203,1.9975,2.8466
2007,8,14,8/14/07,7.2424,5.0616,5.9111
2007,8,28,8/28/07,13.707,1.5348,2.3962
2007,9,11,9/11/07,10.378,5.1166,5.9782
2007,9,25,9/25/07,10.347,2.3953,3.3089
2007,10,9,10/9/07,7.1314,16.704,17.643
2007,10,23,10/23/07,6.8609,23.922,25.408
2007,11,6,11/6/07,5.074,22.362,23.898
2008,5,13,5/13/08,0.12584,24.005,24.338
2008,5,27,5/27/08,0.57124,27.343,28.083
2008,6,10,6/10/08,2.7573,37.463,38.316
2008,6,24,6/24/08,24.268,18.896,19.779
2008,7,8,7/8/08,29.881,4.3889,5.2029
2008,7,22,7/22/08,20.135,3.8325,4.694
2008,8,5,8/5/08,17.871,3.3309,4.1661
2008,8,19,8/19/08,7.261,2.3358,3.2164
2008,9,2,9/2/08,5.4446,5.9646,6.8405
2008,9,16,9/16/08,13.235,3.4796,4.3802
2008,9,30,9/30/08,12.163,3.9334,4.8468
2008,10,14,10/14/08,9.6811,17.925,18.94
2008,11,10,11/10/08,5.7252,20.501,22.093
2009,5,12,5/12/09,0.14476,23.649,24.021
2009,5,19,5/19/09,0.31294,30.974,31.641
2009,6,1,6/1/09,0.97471,43.067,43.936
2009,6,15,6/15/09,4.4625,40.634,41.596
2009,6,29,6/29/09,37.492,12.308,13.082
2009,7,14,7/14/09,18.089,10.139,10.991
2009,7,27,7/27/09,13.508,8.4845,9.3348
2009,8,11,8/11/09,18.052,8.6218,9.4502
2009,8,25,8/25/09,22.301,2.3827,3.2221
2009,9,9,9/9/09,9.1971,5.1814,6.0882
2009,9,22,9/22/09,6.474,1.7529,2.6526
2009,10,6,10/6/09,5.4337,7.7291,8.7607
2009,11,2,11/2/09,2.9681,26.133,27.179